timestamp,project_name,run_id,duration,emissions,emissions_rate,cpu_power,gpu_power,ram_power,cpu_energy,gpu_energy,ram_energy,energy_consumed,country_name,country_iso_code,region,cloud_provider,cloud_region,os,python_version,codecarbon_version,cpu_count,cpu_model,gpu_count,gpu_model,longitude,latitude,ram_total_size,tracking_mode,on_cloud,pue
2023-07-21T08:49:53,codecarbon,35c95653-7525-4b9e-bd4d-2b4147c7bbe3,6.157623529434204,3.502050727653008e-07,5.687341408439103e-08,32.5,30.15,23.526000022888184,5.558854192495346e-05,5.152543362975121e-05,4.0203173256886656e-05,0.0001473171488115,Canada,CAN,quebec,,,Linux-5.19.0-46-generic-x86_64-with-glibc2.35,3.10.6,2.2.5,12,AMD Ryzen 5 2600 Six-Core Processor,1.0,1 x NVIDIA GeForce GTX 1660,-71.192,46.8588,62.73600006103516,machine,N,1.0
2023-07-21T08:50:18,codecarbon,3fb94e0e-c16e-44b0-9dfc-0634b61784c2,5.387481451034546,3.0705646506609984e-07,5.6994435685182094e-08,32.5,30.34,23.526000022888184,4.8635838097996186e-05,4.53598067469067e-05,3.5170625079516634e-05,0.0001291662699244,Canada,CAN,quebec,,,Linux-5.19.0-46-generic-x86_64-with-glibc2.35,3.10.6,2.2.5,12,AMD Ryzen 5 2600 Six-Core Processor,1.0,1 x NVIDIA GeForce GTX 1660,-71.192,46.8588,62.73600006103516,machine,N,1.0
2023-07-21T09:08:13,codecarbon,47718f95-273e-40dd-9d19-278090a55574,17.636938333511353,1.0053427771014172e-06,5.7002114431119785e-08,32.5,29.965000000000003,23.526000022888184,0.0001592109135455,0.0001486551803851,0.0001150410625289,0.0004229071564596,Canada,CAN,quebec,,,Linux-5.19.0-46-generic-x86_64-with-glibc2.35,3.10.6,2.2.5,12,AMD Ryzen 5 2600 Six-Core Processor,1.0,1 x NVIDIA GeForce GTX 1660,-71.192,46.8588,62.73600006103516,machine,N,1.0
2023-07-21T09:50:38,codecarbon,ffabf81a-2980-49e9-9fca-d714c9138d87,5.529402017593384,3.283712650627006e-07,5.9386397302618426e-08,33.54859634220787,32.9,23.526000022888184,5.1525459553666136e-05,5.049867637952168e-05,3.610841063078491e-05,0.0001381325465639,Canada,CAN,quebec,,,Linux-5.19.0-46-generic-x86_64-with-glibc2.35,3.10.6,2.2.5,12,AMD Ryzen 5 2600 Six-Core Processor,1.0,1 x NVIDIA GeForce GTX 1660,-71.192,46.8588,62.73600006103516,machine,N,1.0
2023-07-21T10:08:28,codecarbon,ea4d9758-8ce4-4272-a74f-bf79e056584b,5.49254322052002,3.120747021395654e-07,5.6817887381142724e-08,32.14385483972728,30.415000000000003,23.526000022888184,4.90388061754575e-05,4.637197970019447e-05,3.586645397814664e-05,0.0001312772398537,Canada,CAN,quebec,,,Linux-5.19.0-46-generic-x86_64-with-glibc2.35,3.10.6,2.2.5,12,AMD Ryzen 5 2600 Six-Core Processor,1.0,1 x NVIDIA GeForce GTX 1660,-71.192,46.8588,62.73600006103516,machine,N,1.0
2023-07-21T10:39:14,codecarbon,92b3b595-a1e9-46ab-b040-72018db1aac6,8.225980997085571,4.55421083704016e-07,5.5363741280872114e-08,29.727209300093413,30.617,23.526000022888184,6.792345294982967e-05,6.992576023572022e-05,5.37280676065069e-05,0.000191577280792,Canada,CAN,quebec,,,Linux-5.19.0-46-generic-x86_64-with-glibc2.35,3.10.6,2.2.5,12,AMD Ryzen 5 2600 Six-Core Processor,1.0,1 x NVIDIA GeForce GTX 1660,-71.192,46.8588,62.73600006103516,machine,N,1.0
2023-07-21T10:39:31,codecarbon,5e49a668-6f63-4421-914a-e52bc59869c0,1.682936668395996,8.35881032353217e-08,4.9668002845876184e-08,32.20583130542079,19.591,23.526000022888184,1.5052330097410985e-05,9.138328130443892e-06,1.097148532981161e-05,3.5162143557666487e-05,Canada,CAN,quebec,,,Linux-5.19.0-46-generic-x86_64-with-glibc2.35,3.10.6,2.2.5,12,AMD Ryzen 5 2600 Six-Core Processor,1.0,1 x NVIDIA GeForce GTX 1660,-71.192,46.8588,62.73600006103516,machine,N,1.0
2023-07-21T10:39:47,codecarbon,6e2ee845-5d81-4af7-abda-3269812270c4,1.926518440246582,1.1389240746151125e-07,5.911825450626559e-08,45.55423845067959,20.565000000000005,23.526000022888184,2.437228838670508e-05,1.0979658865928652e-05,1.2557994787989627e-05,4.790994204062336e-05,Canada,CAN,quebec,,,Linux-5.19.0-46-generic-x86_64-with-glibc2.35,3.10.6,2.2.5,12,AMD Ryzen 5 2600 Six-Core Processor,1.0,1 x NVIDIA GeForce GTX 1660,-71.192,46.8588,62.73600006103516,machine,N,1.0
2023-07-21T10:40:04,codecarbon,a2f8d057-794b-42c0-b2ce-19549a67112c,1.743732452392578,8.593074038602498e-08,4.9279773550190726e-08,31.649109011704084,19.555,23.526000022888184,1.532672837248339e-05,9.451934350861445e-06,1.1368933794830316e-05,3.614759651817515e-05,Canada,CAN,quebec,,,Linux-5.19.0-46-generic-x86_64-with-glibc2.35,3.10.6,2.2.5,12,AMD Ryzen 5 2600 Six-Core Processor,1.0,1 x NVIDIA GeForce GTX 1660,-71.192,46.8588,62.73600006103516,machine,N,1.0
2023-07-21T10:47:00,codecarbon,a8afe93c-b97b-423c-9d01-e1f71cb20372,1.8449790477752688,9.232197662202349e-08,5.0039579979701175e-08,32.87709053708771,19.531,23.526000022888184,1.6845807643302638e-05,9.975946198834313e-06,1.2014377974039498e-05,3.883613181617645e-05,Canada,CAN,quebec,,,Linux-5.19.0-46-generic-x86_64-with-glibc2.35,3.10.6,2.2.5,12,AMD Ryzen 5 2600 Six-Core Processor,1.0,1 x NVIDIA GeForce GTX 1660,-71.192,46.8588,62.73600006103516,machine,N,1.0
2023-07-21T10:47:40,codecarbon,021ee3ca-bf74-4695-b888-cf61479ea0a7,1.7971563339233398,8.968937484900306e-08,4.9906273124945024e-08,32.5332909729066,19.632,23.526000022888184,1.6237267156469365e-05,9.777215490341186e-06,1.1714219787788616e-05,3.772870243459916e-05,Canada,CAN,quebec,,,Linux-5.19.0-46-generic-x86_64-with-glibc2.35,3.10.6,2.2.5,12,AMD Ryzen 5 2600 Six-Core Processor,1.0,1 x NVIDIA GeForce GTX 1660,-71.192,46.8588,62.73600006103516,machine,N,1.0
2023-07-21T10:50:37,codecarbon,187bae37-6541-4ff4-ab1a-b8a377a99932,1.7683238983154297,9.370915061976845e-08,5.2993204869899246e-08,36.84071681297067,20.024,23.526000022888184,1.809256947404164e-05,9.806977610058257e-06,1.1520112882139417e-05,3.941965996623932e-05,Canada,CAN,quebec,,,Linux-5.19.0-46-generic-x86_64-with-glibc2.35,3.10.6,2.2.5,12,AMD Ryzen 5 2600 Six-Core Processor,1.0,1 x NVIDIA GeForce GTX 1660,-71.192,46.8588,62.73600006103516,machine,N,1.0
2023-07-21T10:50:52,codecarbon,390c02b8-f9ff-4955-a72c-138f72414748,3.0465991497039795,1.62072108429232e-07,5.3197713406103854e-08,37.17195147274937,19.954,23.526000022888184,3.14539596075903e-05,1.685448844154676e-05,1.986875089074999e-05,6.817719893988705e-05,Canada,CAN,quebec,,,Linux-5.19.0-46-generic-x86_64-with-glibc2.35,3.10.6,2.2.5,12,AMD Ryzen 5 2600 Six-Core Processor,1.0,1 x NVIDIA GeForce GTX 1660,-71.192,46.8588,62.73600006103516,machine,N,1.0
2023-07-21T10:51:34,codecarbon,29d86ac3-9ba4-4cab-ad1d-3eff153296ac,2.065484046936035,1.1091253139858409e-07,5.3698081843388295e-08,38.03349092629941,19.875,23.526000022888184,2.181772828750185e-05,1.1375710790356e-05,1.3462989294513931e-05,4.665642837237178e-05,Canada,CAN,quebec,,,Linux-5.19.0-46-generic-x86_64-with-glibc2.35,3.10.6,2.2.5,12,AMD Ryzen 5 2600 Six-Core Processor,1.0,1 x NVIDIA GeForce GTX 1660,-71.192,46.8588,62.73600006103516,machine,N,1.0
2023-07-21T10:53:26,codecarbon,f0fcaace-dd30-40ae-83d1-1d142cfcf2e5,2.101292371749878,1.108932005410506e-07,5.277380817249285e-08,36.50680601525782,20.024,23.526000022888184,2.1304999821763343e-05,1.1653599677615696e-05,1.3689697160926355e-05,4.66482966603054e-05,Canada,CAN,quebec,,,Linux-5.19.0-46-generic-x86_64-with-glibc2.35,3.10.6,2.2.5,12,AMD Ryzen 5 2600 Six-Core Processor,1.0,1 x NVIDIA GeForce GTX 1660,-71.192,46.8588,62.73600006103516,machine,N,1.0
2023-07-21T11:11:21,codecarbon,c412eb9b-11ae-4843-af38-0705ee6d6251,1060.1632990837095,5.912806092130563e-05,5.57725974596645e-08,40.60127732036175,31.403,23.526000022888184,0.0115265871493178,0.0064239673204876,0.0069222358667366,0.0248727903365421,Canada,CAN,quebec,,,Linux-5.19.0-46-generic-x86_64-with-glibc2.35,3.10.6,2.2.5,12,AMD Ryzen 5 2600 Six-Core Processor,1.0,1 x NVIDIA GeForce GTX 1660,-71.192,46.8588,62.73600006103516,machine,N,1.0
2023-07-21T13:03:11,codecarbon,e4f345ba-64c7-413c-ad91-7abd250df937,1.929887294769287,9.767837916894618e-08,5.0613514806637135e-08,33.517789301538265,19.752,23.526000022888184,1.796490242746661e-05,1.055481368223826e-05,1.2569638210842982e-05,4.108935432054785e-05,Canada,CAN,quebec,,,Linux-5.19.0-46-generic-x86_64-with-glibc2.35,3.10.6,2.2.5,12,AMD Ryzen 5 2600 Six-Core Processor,1.0,1 x NVIDIA GeForce GTX 1660,-71.192,46.8588,62.73600006103516,machine,N,1.0
2023-07-21T13:08:50,codecarbon,489c6216-305a-4ebc-bec1-1b6a99b4dd6b,1.9189906120300293,9.470687967085676e-08,4.935244553941295e-08,31.71672526359668,19.598000000000003,23.526000022888184,1.6904135467742804e-05,1.0423767261240216e-05,1.2511461606277027e-05,3.983936433526005e-05,Canada,CAN,quebec,,,Linux-5.19.0-46-generic-x86_64-with-glibc2.35,3.10.6,2.2.5,12,AMD Ryzen 5 2600 Six-Core Processor,1.0,1 x NVIDIA GeForce GTX 1660,-71.192,46.8588,62.73600006103516,machine,N,1.0
2023-07-21T13:36:35,codecarbon,22dd4933-50a3-4d61-a84e-7e6dfbe2ea1f,3.3572027683258057,1.7499389158043037e-07,5.2124909830125534e-08,35.87265003929589,19.604,23.526000022888184,3.34499453710467e-05,1.825616377115249e-05,2.190676277742208e-05,7.361287191962127e-05,Canada,CAN,quebec,,,Linux-5.19.0-46-generic-x86_64-with-glibc2.35,3.10.6,2.2.5,12,AMD Ryzen 5 2600 Six-Core Processor,1.0,1 x NVIDIA GeForce GTX 1660,-71.192,46.8588,62.73600006103516,machine,N,1.0
2023-07-24T11:55:23,codecarbon,9e7f7081-4e1a-457b-a788-36ce0b438997,0.3545093536376953,3.102114155549988e-09,8.750443743496581e-09,7.5,0.0,5.760171890258789,7.38324224948883e-07,0.0,5.666100784727254e-07,1.3049343034216083e-06,Canada,CAN,quebec,,,Linux-6.1.38-1-MANJARO-x86_64-with-glibc2.37,3.11.3,2.2.5,8,Intel(R) Core(TM) i7-8550U CPU @ 1.80GHz,,,-71.2226,46.8127,15.360458374023438,machine,N,1.0
2023-07-24T11:55:51,codecarbon,5efd8fd2-9c8f-46e7-b289-6aae642cc661,0.1720573902130127,1.5038518029224391e-09,8.74040807582064e-09,7.5,0.0,5.760171890258789,3.581658005714417e-07,0.0,2.744439960038865e-07,6.326097965753281e-07,Canada,CAN,quebec,,,Linux-6.1.38-1-MANJARO-x86_64-with-glibc2.37,3.11.3,2.2.5,8,Intel(R) Core(TM) i7-8550U CPU @ 1.80GHz,,,-71.2226,46.8127,15.360458374023438,machine,N,1.0
2023-07-24T11:56:13,codecarbon,6bc2172c-8712-477b-b33a-a397e49f56f3,0.3342061042785644,2.923803143521705e-09,8.748503112572364e-09,7.5,0.0,5.760171890258789,6.959875424702962e-07,0.0,5.339385102532409e-07,1.2299260527235372e-06,Canada,CAN,quebec,,,Linux-6.1.38-1-MANJARO-x86_64-with-glibc2.37,3.11.3,2.2.5,8,Intel(R) Core(TM) i7-8550U CPU @ 1.80GHz,,,-71.2226,46.8127,15.360458374023438,machine,N,1.0
2023-07-24T11:56:33,codecarbon,6c9eeb3e-7db9-4216-90e1-fc1e4300c94e,0.2907099723815918,2.543010100279898e-09,8.747584678457097e-09,7.5,0.0,5.760171890258789,6.053835153579711e-07,0.0,4.64358263121009e-07,1.06974177847898e-06,Canada,CAN,quebec,,,Linux-6.1.38-1-MANJARO-x86_64-with-glibc2.37,3.11.3,2.2.5,8,Intel(R) Core(TM) i7-8550U CPU @ 1.80GHz,,,-71.2226,46.8127,15.360458374023438,machine,N,1.0
2023-07-24T11:57:34,codecarbon,af27b06b-0b0b-44cb-9c25-78d3e04f795b,0.2702729701995849,2.364086642424686e-09,8.747033196397372e-09,7.5,0.0,5.760171890258789,5.627930164337158e-07,0.0,4.316828800904204e-07,9.94475896524136e-07,Canada,CAN,quebec,,,Linux-6.1.38-1-MANJARO-x86_64-with-glibc2.37,3.11.3,2.2.5,8,Intel(R) Core(TM) i7-8550U CPU @ 1.80GHz,,,-71.2226,46.8127,15.360458374023438,machine,N,1.0
2023-07-24T12:01:13,codecarbon,cafe1fe1-d95f-434d-b297-50057b06afe9,0.1666071414947509,1.4565416795784159e-09,8.742372424799718e-09,7.5,0.0,5.760171890258789,3.468617796897888e-07,0.0,2.658465562187e-07,6.127083359084887e-07,Canada,CAN,quebec,,,Linux-6.1.38-1-MANJARO-x86_64-with-glibc2.37,3.11.3,2.2.5,8,Intel(R) Core(TM) i7-8550U CPU @ 1.80GHz,,,-71.2226,46.8127,15.360458374023438,machine,N,1.0
2023-07-24T12:02:36,codecarbon,80497394-2f30-4b66-ac37-f261a18cd7b3,0.1569991111755371,1.372288056860533e-09,8.740737744216967e-09,7.5,0.0,5.760171890258789,3.268261750539144e-07,0.0,2.504400600939031e-07,5.772662351478174e-07,Canada,CAN,quebec,,,Linux-6.1.38-1-MANJARO-x86_64-with-glibc2.37,3.11.3,2.2.5,8,Intel(R) Core(TM) i7-8550U CPU @ 1.80GHz,,,-71.2226,46.8127,15.360458374023438,machine,N,1.0
2023-07-24T12:03:02,codecarbon,f30c9a68-fb06-4494-88d9-6e64bc9cb319,0.2485835552215576,2.173806420193031e-09,8.744771625200871e-09,7.5,0.0,5.760171890258789,5.175744493802388e-07,0.0,3.968582324838129e-07,9.144326818640516e-07,Canada,CAN,quebec,,,Linux-6.1.38-1-MANJARO-x86_64-with-glibc2.37,3.11.3,2.2.5,8,Intel(R) Core(TM) i7-8550U CPU @ 1.80GHz,,,-71.2226,46.8127,15.360458374023438,machine,N,1.0
2023-07-24T12:03:59,codecarbon,aca0b9c1-5065-4840-b0dd-7de827366249,5.589682102203369,4.894168615788489e-08,8.755719066490883e-09,7.5,0.0,5.760171890258789,1.1644908289114631e-05,0.0,8.942885045458979e-06,2.058779333457361e-05,Canada,CAN,quebec,,,Linux-6.1.38-1-MANJARO-x86_64-with-glibc2.37,3.11.3,2.2.5,8,Intel(R) Core(TM) i7-8550U CPU @ 1.80GHz,,,-71.2226,46.8127,15.360458374023438,machine,N,1.0
2023-07-24T12:40:43,codecarbon,a2e08461-6893-4f3d-bc0b-856cf72f237c,17.92754864692688,1.5697171320778708e-07,8.755893864758523e-09,7.5,0.0,5.760171890258789,3.734843482573827e-05,0.0,2.868323356571181e-05,6.60316683914501e-05,Canada,CAN,quebec,,,Linux-6.1.38-1-MANJARO-x86_64-with-glibc2.37,3.11.3,2.2.5,8,Intel(R) Core(TM) i7-8550U CPU @ 1.80GHz,,,-71.2226,46.8127,15.360458374023438,machine,N,1.0
2023-07-24T12:42:16,codecarbon,49f2e85d-33ae-491d-ae5a-d4eba0db4a95,12.43938660621643,1.0891781117150305e-07,8.755882795464585e-09,7.5,0.0,5.760171890258789,2.591493825117747e-05,0.0,1.9902391777443807e-05,4.581733002862128e-05,Canada,CAN,quebec,,,Linux-6.1.38-1-MANJARO-x86_64-with-glibc2.37,3.11.3,2.2.5,8,Intel(R) Core(TM) i7-8550U CPU @ 1.80GHz,,,-71.2226,46.8127,15.360458374023438,machine,N,1.0
2023-07-24T12:45:17,codecarbon,310a8888-8ff8-4842-8732-330fa70a840d,11.163655281066896,9.774771796436702e-08,8.755888237622598e-09,7.5,0.0,5.760171890258789,2.325723419586817e-05,0.0,1.786128815917664e-05,4.111852235504481e-05,Canada,CAN,quebec,,,Linux-6.1.38-1-MANJARO-x86_64-with-glibc2.37,3.11.3,2.2.5,8,Intel(R) Core(TM) i7-8550U CPU @ 1.80GHz,,,-71.2226,46.8127,15.360458374023438,machine,N,1.0
2023-07-24T12:51:26,codecarbon,37993e0d-5421-4f3d-8901-389b75af18b7,11.329445362091064,9.920020572701084e-08,8.755963117041903e-09,7.5,0.0,5.760171890258789,2.3602745433648428e-05,0.0,1.8126779937962662e-05,4.172952537161109e-05,Canada,CAN,quebec,,,Linux-6.1.38-1-MANJARO-x86_64-with-glibc2.37,3.11.3,2.2.5,8,Intel(R) Core(TM) i7-8550U CPU @ 1.80GHz,,,-71.2226,46.8127,15.360458374023438,machine,N,1.0
2023-07-24T12:53:17,codecarbon,e282de9d-314e-40bb-af6e-30fe4ff8f9c4,3.9268765449523926,3.438234505151828e-08,8.755647053817711e-09,7.5,0.0,5.760171890258789,8.180777728557587e-06,0.0,6.282488044410003e-06,1.4463265772967589e-05,Canada,CAN,quebec,,,Linux-6.1.38-1-MANJARO-x86_64-with-glibc2.37,3.11.3,2.2.5,8,Intel(R) Core(TM) i7-8550U CPU @ 1.80GHz,,,-71.2226,46.8127,15.360458374023438,machine,N,1.0
2023-07-24T12:53:47,codecarbon,afc10ebd-856f-4b62-aac7-f4aa8b94e6c2,5.586358070373535,4.8912757667983624e-08,8.75575053582504e-09,7.5,0.0,5.760171890258789,1.1637989183266956e-05,0.0,8.937635102417593e-06,2.0575624285684547e-05,Canada,CAN,quebec,,,Linux-6.1.38-1-MANJARO-x86_64-with-glibc2.37,3.11.3,2.2.5,8,Intel(R) Core(TM) i7-8550U CPU @ 1.80GHz,,,-71.2226,46.8127,15.360458374023438,machine,N,1.0
2023-07-24T12:54:14,codecarbon,566098ab-81bd-4b88-916c-99e7c848551e,3.68609070777893,3.227367496672773e-08,8.755529238230377e-09,7.5,0.0,5.760171890258789,7.679095367590587e-06,0.0,5.897137952583763e-06,1.3576233320174348e-05,Canada,CAN,quebec,,,Linux-6.1.38-1-MANJARO-x86_64-with-glibc2.37,3.11.3,2.2.5,8,Intel(R) Core(TM) i7-8550U CPU @ 1.80GHz,,,-71.2226,46.8127,15.360458374023438,machine,N,1.0
2023-07-24T13:07:12,codecarbon,909e7c8c-ab5d-4668-932d-ee5da25b5886,0.2998738288879394,2.62359482282281e-09,8.748995644442275e-09,7.5,0.0,5.760171890258789,6.245200832684835e-07,0.0,4.791204376503326e-07,1.1036405209188162e-06,Canada,CAN,quebec,,,Linux-6.1.38-1-MANJARO-x86_64-with-glibc2.37,3.11.3,2.2.5,8,Intel(R) Core(TM) i7-8550U CPU @ 1.80GHz,,,-71.2226,46.8127,15.360458374023438,machine,N,1.0
2023-07-24T13:08:15,codecarbon,1e071426-3a9a-46e0-b6b4-95be7ae935a8,24.49230694770813,2.144547685957525e-07,8.756005265392941e-09,7.5,0.0,5.760171890258789,5.102516065041224e-05,0.0,3.9187310599964655e-05,9.02124712503769e-05,Canada,CAN,quebec,,,Linux-6.1.38-1-MANJARO-x86_64-with-glibc2.37,3.11.3,2.2.5,8,Intel(R) Core(TM) i7-8550U CPU @ 1.80GHz,,,-71.2226,46.8127,15.360458374023438,machine,N,1.0
2023-07-24T13:20:56,codecarbon,0c02e4e1-21ed-4ef2-9405-eaf1064b7e9a,12.004959344863892,1.0511444833892269e-07,8.755918726529801e-09,7.5,0.0,5.760171890258789,2.5009966393311817e-05,0.0,1.920744229788436e-05,4.4217408691196174e-05,Canada,CAN,quebec,,,Linux-6.1.38-1-MANJARO-x86_64-with-glibc2.37,3.11.3,2.2.5,8,Intel(R) Core(TM) i7-8550U CPU @ 1.80GHz,,,-71.2226,46.8127,15.360458374023438,machine,N,1.0
2023-07-24T13:38:45,codecarbon,5347f296-33d7-4fa3-bfba-5f68a3211f1c,0.285430908203125,2.4964943990128423e-09,8.746405267492015e-09,7.5,0.0,5.760171890258789,5.94349205493927e-07,0.0,4.558252936434807e-07,1.0501744991374076e-06,Canada,CAN,quebec,,,Linux-6.1.38-1-MANJARO-x86_64-with-glibc2.37,3.11.3,2.2.5,8,Intel(R) Core(TM) i7-8550U CPU @ 1.80GHz,,,-71.2226,46.8127,15.360458374023438,machine,N,1.0
2023-07-24T13:39:03,codecarbon,9f92bc8f-ee34-4c80-bde3-653cba6593ef,0.2712669372558594,2.372730117860775e-09,8.746845973428794e-09,7.5,0.0,5.760171890258789,5.648752053578694e-07,0.0,4.332366526530981e-07,9.981118580109674e-07,Canada,CAN,quebec,,,Linux-6.1.38-1-MANJARO-x86_64-with-glibc2.37,3.11.3,2.2.5,8,Intel(R) Core(TM) i7-8550U CPU @ 1.80GHz,,,-71.2226,46.8127,15.360458374023438,machine,N,1.0
2023-07-24T13:39:52,codecarbon,e37e0bf6-3208-41bb-ab15-765e144ac5d2,6.525019407272339,5.71310309887852e-08,8.75568751950544e-09,7.5,0.0,5.760171890258789,1.359346310297648e-05,0.0,1.0439257289897342e-05,2.4032720392873823e-05,Canada,CAN,quebec,,,Linux-6.1.38-1-MANJARO-x86_64-with-glibc2.37,3.11.3,2.2.5,8,Intel(R) Core(TM) i7-8550U CPU @ 1.80GHz,,,-71.2226,46.8127,15.360458374023438,machine,N,1.0
2023-07-24T13:40:25,codecarbon,639b5af1-7fbc-4b0d-9263-5512d3adecca,5.660934448242188,4.956554053642685e-08,8.755717097522258e-09,7.5,0.0,5.760171890258789,1.179333875576655e-05,0.0,9.056884953086711e-06,2.0850223708853263e-05,Canada,CAN,quebec,,,Linux-6.1.38-1-MANJARO-x86_64-with-glibc2.37,3.11.3,2.2.5,8,Intel(R) Core(TM) i7-8550U CPU @ 1.80GHz,,,-71.2226,46.8127,15.360458374023438,machine,N,1.0
2023-07-24T13:43:31,codecarbon,08544378-68dc-4ec7-bf45-7d7d543fc1ab,5.228111982345581,4.5775968754856826e-08,8.75573608779503e-09,7.5,0.0,5.760171890258789,1.089167296886444e-05,0.0,8.364430741470414e-06,1.925610371033485e-05,Canada,CAN,quebec,,,Linux-6.1.38-1-MANJARO-x86_64-with-glibc2.37,3.11.3,2.2.5,8,Intel(R) Core(TM) i7-8550U CPU @ 1.80GHz,,,-71.2226,46.8127,15.360458374023438,machine,N,1.0
2023-07-24T13:44:53,codecarbon,f183c2a8-6444-46b6-bad5-6a593685c45b,6.57962703704834,5.760980636815718e-08,8.755786010934943e-09,7.5,0.0,5.760171890258789,1.3707277675469716e-05,0.0,1.0526844208402888e-05,2.42341218838726e-05,Canada,CAN,quebec,,,Linux-6.1.38-1-MANJARO-x86_64-with-glibc2.37,3.11.3,2.2.5,8,Intel(R) Core(TM) i7-8550U CPU @ 1.80GHz,,,-71.2226,46.8127,15.360458374023438,machine,N,1.0
2023-07-24T13:46:03,codecarbon,b6b5d48d-4264-4e08-a089-0fb17462fac8,3.721930742263794,3.258789039374497e-08,8.755641265351435e-09,7.5,0.0,5.760171890258789,7.7538068095843e-06,0.0,5.954604267055098e-06,1.3708411076639398e-05,Canada,CAN,quebec,,,Linux-6.1.38-1-MANJARO-x86_64-with-glibc2.37,3.11.3,2.2.5,8,Intel(R) Core(TM) i7-8550U CPU @ 1.80GHz,,,-71.2226,46.8127,15.360458374023438,machine,N,1.0
2023-07-24T13:46:23,codecarbon,0bb98f67-85f1-43db-b91d-f033ced11759,7.091262578964233,6.20894913127065e-08,8.755773830303634e-09,7.5,0.0,5.760171890258789,1.4773175120353698e-05,0.0,1.134536953442345e-05,2.6118544654777147e-05,Canada,CAN,quebec,,,Linux-6.1.38-1-MANJARO-x86_64-with-glibc2.37,3.11.3,2.2.5,8,Intel(R) Core(TM) i7-8550U CPU @ 1.80GHz,,,-71.2226,46.8127,15.360458374023438,machine,N,1.0
2023-07-24T13:47:54,codecarbon,e1f75d94-21f6-4298-a485-7fe34d03f35d,8.13596773147583,7.123357299860618e-08,8.755390305079873e-09,7.5,0.0,5.760171890258789,1.6949214537938433e-05,0.0,1.3015876461328165e-05,2.99650909992666e-05,Canada,CAN,quebec,,,Linux-6.1.38-1-MANJARO-x86_64-with-glibc2.37,3.11.3,2.2.5,8,Intel(R) Core(TM) i7-8550U CPU @ 1.80GHz,,,-71.2226,46.8127,15.360458374023438,machine,N,1.0
2023-07-24T13:49:52,codecarbon,b7791d79-7d98-4f42-9d3d-350bd59715b6,0.341475248336792,2.987414591484077e-09,8.748553829405622e-09,7.5,0.0,5.760171890258789,7.111519575119018e-07,0.0,5.455328656417653e-07,1.256684823153667e-06,Canada,CAN,quebec,,,Linux-6.1.38-1-MANJARO-x86_64-with-glibc2.37,3.11.3,2.2.5,8,Intel(R) Core(TM) i7-8550U CPU @ 1.80GHz,,,-71.2226,46.8127,15.360458374023438,machine,N,1.0
2023-07-24T13:53:14,codecarbon,544d90c5-e696-4244-b304-82a136b4e1fd,0.2482514381408691,2.1712820581857204e-09,8.746302033318479e-09,7.5,0.0,5.760171890258789,5.169386665026347e-07,0.0,3.96432118083491e-07,9.133707845861256e-07,Canada,CAN,quebec,,,Linux-6.1.38-1-MANJARO-x86_64-with-glibc2.37,3.11.3,2.2.5,8,Intel(R) Core(TM) i7-8550U CPU @ 1.80GHz,,,-71.2226,46.8127,15.360458374023438,machine,N,1.0
2023-07-24T13:53:35,codecarbon,6fe8d66f-d357-42cc-b4ec-130b5f598193,0.2392022609710693,2.0922318885347797e-09,8.74670615587462e-09,7.5,0.0,5.760171890258789,4.9810657898585e-07,0.0,3.82010987666869e-07,8.80117566652719e-07,Canada,CAN,quebec,,,Linux-6.1.38-1-MANJARO-x86_64-with-glibc2.37,3.11.3,2.2.5,8,Intel(R) Core(TM) i7-8550U CPU @ 1.80GHz,,,-71.2226,46.8127,15.360458374023438,machine,N,1.0
2023-07-24T13:54:17,codecarbon,9487b003-dc29-4ba6-a65b-f946570fa261,0.2674202919006347,2.339125848353265e-09,8.747002075752775e-09,7.5,0.0,5.760171890258789,5.568658312161763e-07,0.0,4.271100660200015e-07,9.839758972361775e-07,Canada,CAN,quebec,,,Linux-6.1.38-1-MANJARO-x86_64-with-glibc2.37,3.11.3,2.2.5,8,Intel(R) Core(TM) i7-8550U CPU @ 1.80GHz,,,-71.2226,46.8127,15.360458374023438,machine,N,1.0
2023-07-24T13:54:49,codecarbon,206e746e-d4ce-4068-bb61-a41ed68e5e5c,0.2773900032043457,2.426580043447423e-09,8.747900124071261e-09,7.5,0.0,5.760171890258789,5.776484807332356e-07,0.0,4.43115868969244e-07,1.0207643497024796e-06,Canada,CAN,quebec,,,Linux-6.1.38-1-MANJARO-x86_64-with-glibc2.37,3.11.3,2.2.5,8,Intel(R) Core(TM) i7-8550U CPU @ 1.80GHz,,,-71.2226,46.8127,15.360458374023438,machine,N,1.0
2023-07-24T13:55:57,codecarbon,fcb80c88-ac90-42c6-9028-bce35899a73e,0.6497564315795898,5.68560826503315e-09,8.7503685822873e-09,7.5,0.0,5.760171890258789,1.3532469669977825e-06,0.0,1.0384591046776371e-06,2.39170607167542e-06,Canada,CAN,quebec,,,Linux-6.1.38-1-MANJARO-x86_64-with-glibc2.37,3.11.3,2.2.5,8,Intel(R) Core(TM) i7-8550U CPU @ 1.80GHz,,,-71.2226,46.8127,15.360458374023438,machine,N,1.0
2023-07-24T13:56:32,codecarbon,4ac990b2-89b7-4cd6-bf0a-03ab2f5ed52b,0.8694417476654053,7.60820940741984e-09,8.750683329675783e-09,7.5,0.0,5.760171890258789,1.8107513586680088e-06,0.0,1.3897154667048049e-06,3.2004668253728143e-06,Canada,CAN,quebec,,,Linux-6.1.38-1-MANJARO-x86_64-with-glibc2.37,3.11.3,2.2.5,8,Intel(R) Core(TM) i7-8550U CPU @ 1.80GHz,,,-71.2226,46.8127,15.360458374023438,machine,N,1.0
2023-07-24T13:57:12,codecarbon,0a66014f-4a4d-4094-bac7-74d2286b1c43,0.5203447341918945,4.553647174986132e-09,8.751212178706938e-09,7.5,0.0,5.760171890258789,1.0837634404500325e-06,0.0,8.317722575793595e-07,1.915535698029392e-06,Canada,CAN,quebec,,,Linux-6.1.38-1-MANJARO-x86_64-with-glibc2.37,3.11.3,2.2.5,8,Intel(R) Core(TM) i7-8550U CPU @ 1.80GHz,,,-71.2226,46.8127,15.360458374023438,machine,N,1.0
2023-07-24T13:57:27,codecarbon,a505ceb4-4ba9-4cd1-af64-860309cec1f6,1.1388888359069824,9.968683850657841e-09,8.75299110533385e-09,7.5,0.0,5.760171890258789,2.372335394223531e-06,0.0,1.821087821171356e-06,4.193423215394887e-06,Canada,CAN,quebec,,,Linux-6.1.38-1-MANJARO-x86_64-with-glibc2.37,3.11.3,2.2.5,8,Intel(R) Core(TM) i7-8550U CPU @ 1.80GHz,,,-71.2226,46.8127,15.360458374023438,machine,N,1.0
2023-07-24T14:12:23,codecarbon,6ad55437-937e-486c-842d-bb8cb574ce24,2.2443747520446777,1.9649550804419682e-08,8.755022211205361e-09,7.5,0.0,5.760171890258789,4.675520459810893e-06,0.0,3.5902530113677737e-06,8.265773471178666e-06,Canada,CAN,quebec,,,Linux-6.1.38-1-MANJARO-x86_64-with-glibc2.37,3.11.3,2.2.5,8,Intel(R) Core(TM) i7-8550U CPU @ 1.80GHz,,,-71.2226,46.8127,15.360458374023438,machine,N,1.0
2023-07-24T14:13:07,codecarbon,42e58788-08c1-4996-beff-9d8d8f804f14,1.99713134765625,1.7484699216490783e-08,8.754907000488523e-09,7.5,0.0,5.760171890258789,4.160425066947937e-06,0.0,3.1946826591126863e-06,7.3551077260606225e-06,Canada,CAN,quebec,,,Linux-6.1.38-1-MANJARO-x86_64-with-glibc2.37,3.11.3,2.2.5,8,Intel(R) Core(TM) i7-8550U CPU @ 1.80GHz,,,-71.2226,46.8127,15.360458374023438,machine,N,1.0
2023-07-24T14:13:35,codecarbon,7dc5b4a3-b6a0-4468-ae63-0ee525931769,2.18152379989624,1.9099189275896027e-08,8.754976350386111e-09,7.5,0.0,5.760171890258789,4.544594883918762e-06,0.0,3.4896636906952e-06,8.034258574613962e-06,Canada,CAN,quebec,,,Linux-6.1.38-1-MANJARO-x86_64-with-glibc2.37,3.11.3,2.2.5,8,Intel(R) Core(TM) i7-8550U CPU @ 1.80GHz,,,-71.2226,46.8127,15.360458374023438,machine,N,1.0
2023-07-24T14:15:06,codecarbon,969f6f25-8503-470e-9029-34416e5f4485,0.8517491817474365,7.453800118999661e-09,8.751167924467563e-09,7.5,0.0,5.760171890258789,1.7741382122039793e-06,0.0,1.3613748535317429e-06,3.135513065735722e-06,Canada,CAN,quebec,,,Linux-6.1.38-1-MANJARO-x86_64-with-glibc2.37,3.11.3,2.2.5,8,Intel(R) Core(TM) i7-8550U CPU @ 1.80GHz,,,-71.2226,46.8127,15.360458374023438,machine,N,1.0
2023-07-24T14:15:49,codecarbon,f75c8a12-f721-4a9e-8120-301aa6fd2919,0.2680196762084961,2.344439150787924e-09,8.747265066331e-09,7.5,0.0,5.760171890258789,5.581254760424296e-07,0.0,4.280855132193059e-07,9.862109892617354e-07,Canada,CAN,quebec,,,Linux-6.1.38-1-MANJARO-x86_64-with-glibc2.37,3.11.3,2.2.5,8,Intel(R) Core(TM) i7-8550U CPU @ 1.80GHz,,,-71.2226,46.8127,15.360458374023438,machine,N,1.0
2023-07-24T14:18:08,codecarbon,27bc078b-9bc1-40ca-b5a6-cf9766e78a97,30.10646414756775,2.63610105661512e-07,8.75593043305979e-09,7.5,0.0,5.760171890258789,6.272091964880625e-05,0.0,4.816921925561246e-05,0.0001108901389044,Canada,CAN,quebec,,,Linux-6.1.38-1-MANJARO-x86_64-with-glibc2.37,3.11.3,2.2.5,8,Intel(R) Core(TM) i7-8550U CPU @ 1.80GHz,,,-71.2226,46.8127,15.360458374023438,machine,N,1.0
2023-07-24T14:21:08,codecarbon,46ab22c1-d501-4eee-8715-7f9090dbde70,3.553001642227173,3.1108746271994035e-08,8.755623949696161e-09,7.5,0.0,5.760171890258789,7.4018821120262145e-06,0.0,5.684312692937965e-06,1.308619480496418e-05,Canada,CAN,quebec,,,Linux-6.1.38-1-MANJARO-x86_64-with-glibc2.37,3.11.3,2.2.5,8,Intel(R) Core(TM) i7-8550U CPU @ 1.80GHz,,,-71.2226,46.8127,15.360458374023438,machine,N,1.0
2023-07-24T14:22:41,codecarbon,bbf7be40-8db3-427e-9c7b-b3520bea080f,2.777586936950684,2.4318696371840082e-08,8.755332208804905e-09,7.5,0.0,5.760171890258789,5.786400039990743e-06,0.0,4.443494644359589e-06,1.0229894684350333e-05,Canada,CAN,quebec,,,Linux-6.1.38-1-MANJARO-x86_64-with-glibc2.37,3.11.3,2.2.5,8,Intel(R) Core(TM) i7-8550U CPU @ 1.80GHz,,,-71.2226,46.8127,15.360458374023438,machine,N,1.0
2023-07-24T14:23:06,codecarbon,c327fee3-1eb9-4e0d-8728-cadcf0162bd1,2.606230974197388,2.2818118803665963e-08,8.75521741149324e-09,7.5,0.0,5.760171890258789,5.4294010003407794e-06,0.0,4.169261225928646e-06,9.598662226269423e-06,Canada,CAN,quebec,,,Linux-6.1.38-1-MANJARO-x86_64-with-glibc2.37,3.11.3,2.2.5,8,Intel(R) Core(TM) i7-8550U CPU @ 1.80GHz,,,-71.2226,46.8127,15.360458374023438,machine,N,1.0
2023-07-24T14:23:31,codecarbon,007b9bf5-a767-4535-9a21-360773e9924e,3.61894965171814,3.16852947294076e-08,8.755384235413342e-09,7.5,0.0,5.760171890258789,7.539162536462148e-06,0.0,5.789562949817461e-06,1.332872548627961e-05,Canada,CAN,quebec,,,Linux-6.1.38-1-MANJARO-x86_64-with-glibc2.37,3.11.3,2.2.5,8,Intel(R) Core(TM) i7-8550U CPU @ 1.80GHz,,,-71.2226,46.8127,15.360458374023438,machine,N,1.0
2023-07-24T14:25:46,codecarbon,6f58bb69-6d31-414a-b803-ebfa1a80907f,9.388219594955444,8.220265656940573e-08,8.755936707485575e-09,7.5,0.0,5.760171890258789,1.955855687459309e-05,0.0,1.5020785151840149e-05,3.4579342026433246e-05,Canada,CAN,quebec,,,Linux-6.1.38-1-MANJARO-x86_64-with-glibc2.37,3.11.3,2.2.5,8,Intel(R) Core(TM) i7-8550U CPU @ 1.80GHz,,,-71.2226,46.8127,15.360458374023438,machine,N,1.0
2023-07-24T14:53:37,codecarbon,13d289ed-6217-4e28-9805-8e7bd015025b,9.068086624145508,7.939912420825048e-08,8.755885061445618e-09,7.5,0.0,5.760171890258789,1.889156103134155e-05,0.0,1.4508448009463563e-05,3.340000904080512e-05,Canada,CAN,quebec,,,Linux-6.1.38-1-MANJARO-x86_64-with-glibc2.37,3.11.3,2.2.5,8,Intel(R) Core(TM) i7-8550U CPU @ 1.80GHz,,,-71.2226,46.8127,15.360458374023438,machine,N,1.0
2023-07-24T14:54:47,codecarbon,cef421ef-6e37-4361-9ec9-c42e23e3aab4,54.783855676651,4.792907116026008e-07,8.748758291703731e-09,7.5,0.0,5.760171890258789,0.0001141311729947,0.0,8.748709748782972e-05,0.0002016182704826,Canada,CAN,quebec,,,Linux-6.1.38-1-MANJARO-x86_64-with-glibc2.37,3.11.3,2.2.5,8,Intel(R) Core(TM) i7-8550U CPU @ 1.80GHz,,,-71.2226,46.8127,15.360458374023438,machine,N,1.0
2023-07-24T14:59:00,codecarbon,77eed3a8-f1de-458a-aa83-626b7aa1aefb,41.97644996643066,3.67543648400752e-07,8.75594884023502e-09,7.5,0.0,5.760171890258789,8.744970013697942e-05,0.0,6.716108810393166e-05,0.0001546107882409,Canada,CAN,quebec,,,Linux-6.1.38-1-MANJARO-x86_64-with-glibc2.37,3.11.3,2.2.5,8,Intel(R) Core(TM) i7-8550U CPU @ 1.80GHz,,,-71.2226,46.8127,15.360458374023438,machine,N,1.0
2023-07-24T15:00:08,codecarbon,1ee24bcb-cecc-4f76-893a-3f0f2556e050,0.5071473121643066,4.438511607456126e-09,8.751917837273536e-09,7.5,0.0,5.760171890258789,1.0563284158706664e-06,0.0,8.107743928193638e-07,1.8671028086900304e-06,Canada,CAN,quebec,,,Linux-6.1.38-1-MANJARO-x86_64-with-glibc2.37,3.11.3,2.2.5,8,Intel(R) Core(TM) i7-8550U CPU @ 1.80GHz,,,-71.2226,46.8127,15.360458374023438,machine,N,1.0
2023-07-24T15:03:40,codecarbon,685d5d67-9a41-4baf-9953-91cfdf062dad,49.43664574623108,4.328360722335515e-07,8.755368931286156e-09,7.5,0.0,5.760171890258789,0.0001029913321137,0.0,7.90853453048851e-05,0.0001820766774186,Canada,CAN,quebec,,,Linux-6.1.38-1-MANJARO-x86_64-with-glibc2.37,3.11.3,2.2.5,8,Intel(R) Core(TM) i7-8550U CPU @ 1.80GHz,,,-71.2226,46.8127,15.360458374023438,machine,N,1.0
2023-07-24T15:05:23,codecarbon,29da671d-af5a-4333-8055-fec42cb92555,60.42002749443054,5.290360560958717e-07,8.755971786749645e-09,7.5,0.0,5.760171890258789,0.0001258736218015,0.0,9.66705086622854e-05,0.0002225441304638,Canada,CAN,quebec,,,Linux-6.1.38-1-MANJARO-x86_64-with-glibc2.37,3.11.3,2.2.5,8,Intel(R) Core(TM) i7-8550U CPU @ 1.80GHz,,,-71.2226,46.8127,15.360458374023438,machine,N,1.0
2023-07-25T08:07:56,codecarbon,f90d8af7-7684-4bc8-a23b-f38c5417de42,0.3767087459564209,2.3511384654431225e-08,6.241263285443102e-08,52.0776951167871,19.66,23.52599573135376,5.443011854405419e-06,2.025651947657268e-06,2.4216274051827703e-06,9.890291207245457e-06,Canada,CAN,quebec,,,Linux-5.19.0-50-generic-x86_64-with-glibc2.35,3.10.6,2.2.5,12,AMD Ryzen 5 2600 Six-Core Processor,1.0,1 x NVIDIA GeForce GTX 1660,-71.192,46.8588,62.73598861694336,machine,N,1.0
2023-07-25T08:09:37,codecarbon,ade351ee-5059-4d02-8aea-5ffa9882a28b,12.570788621902466,5.98204105242388e-07,4.758683987416024e-08,28.827437772381128,19.732,23.52599573135376,0.0001006584033044,6.887218826956219e-05,8.210974731611704e-05,0.0002516403388901,Canada,CAN,quebec,,,Linux-5.19.0-50-generic-x86_64-with-glibc2.35,3.10.6,2.2.5,12,AMD Ryzen 5 2600 Six-Core Processor,1.0,1 x NVIDIA GeForce GTX 1660,-71.192,46.8588,62.73598861694336,machine,N,1.0
2023-07-25T08:10:25,codecarbon,a205b438-7870-402b-87b4-9af2111a7699,0.2902758121490478,1.4904647617975505e-08,5.134650216850456e-08,35.3874425728645,19.631,23.52599573135376,2.8499211688235923e-06,1.556599310570293e-06,1.863263603925608e-06,6.269784083319493e-06,Canada,CAN,quebec,,,Linux-5.19.0-50-generic-x86_64-with-glibc2.35,3.10.6,2.2.5,12,AMD Ryzen 5 2600 Six-Core Processor,1.0,1 x NVIDIA GeForce GTX 1660,-71.192,46.8588,62.73598861694336,machine,N,1.0
2023-07-25T08:14:16,codecarbon,ac8e9831-ffe3-4891-879c-819c3d088c20,16.95409345626831,9.047880339095844e-07,5.336693679573081e-08,38.66922002472006,26.009,23.52599573135376,0.0001740952162205,9.577555447002252e-05,0.0001107370611204,0.0003806078318109,Canada,CAN,quebec,,,Linux-5.19.0-50-generic-x86_64-with-glibc2.35,3.10.6,2.2.5,12,AMD Ryzen 5 2600 Six-Core Processor,1.0,1 x NVIDIA GeForce GTX 1660,-71.192,46.8588,62.73598861694336,machine,N,1.0
2023-07-25T08:15:43,codecarbon,2c8fa62d-dd9e-4c00-ab4f-7cd5a2e4333d,28.40391993522644,1.4348863722413471e-06,5.0517195355906014e-08,33.8485866240283,19.63,23.52599573135376,0.0002627876127299,0.0001552582392544,0.0001855529695805,0.0006035988215649,Canada,CAN,quebec,,,Linux-5.19.0-50-generic-x86_64-with-glibc2.35,3.10.6,2.2.5,12,AMD Ryzen 5 2600 Six-Core Processor,1.0,1 x NVIDIA GeForce GTX 1660,-71.192,46.8588,62.73598861694336,machine,N,1.0
2023-07-25T08:18:20,codecarbon,9df26efc-a7ff-4c13-acbf-a86081c16547,17.668007612228394,1.0106449561103018e-06,5.72019764928567e-08,34.16246153684427,19.608,23.52599573135376,0.0001926730413605,0.0001171780989366,0.0001152864290114,0.0004251375693086,Canada,CAN,quebec,,,Linux-5.19.0-50-generic-x86_64-with-glibc2.35,3.10.6,2.2.5,12,AMD Ryzen 5 2600 Six-Core Processor,1.0,1 x NVIDIA GeForce GTX 1660,-71.192,46.8588,62.73598861694336,machine,N,1.0
2023-07-25T08:23:15,codecarbon,1f24854f-ab24-48c3-baf0-ca1aa7c0cdbb,12.124614238739014,6.111194925865181e-07,5.040321123239924e-08,33.19764651940783,19.627,23.52599573135376,0.0001118043855545,6.607271892130374e-05,7.919621693593607e-05,0.0002570733214117,Canada,CAN,quebec,,,Linux-5.19.0-50-generic-x86_64-with-glibc2.35,3.10.6,2.2.5,12,AMD Ryzen 5 2600 Six-Core Processor,1.0,1 x NVIDIA GeForce GTX 1660,-71.192,46.8588,62.73598861694336,machine,N,1.0
2023-07-25T08:44:17,codecarbon,28d8f3b0-e1f6-48bf-882c-e6a20307495e,16.4858877658844,8.335383848584844e-07,5.0560721794030025e-08,27.876932146520367,19.578,23.52599573135376,0.0001535089325292,8.952834379381605e-05,0.0001075987019417,0.0003506359782648,Canada,CAN,quebec,,,Linux-5.19.0-50-generic-x86_64-with-glibc2.35,3.10.6,2.2.5,12,AMD Ryzen 5 2600 Six-Core Processor,1.0,1 x NVIDIA GeForce GTX 1660,-71.192,46.8588,62.73598861694336,machine,N,1.0
2023-07-25T08:45:21,codecarbon,68e6ff0e-af97-4fca-abd7-e4756ac1024b,20.06299138069153,1.1676441359421767e-06,5.819890532704453e-08,48.49097080478721,20.807,23.52599573135376,0.0002493308044644,0.0001108511803911,0.0001309988069453,0.0004911807918009,Canada,CAN,quebec,,,Linux-5.19.0-50-generic-x86_64-with-glibc2.35,3.10.6,2.2.5,12,AMD Ryzen 5 2600 Six-Core Processor,1.0,1 x NVIDIA GeForce GTX 1660,-71.192,46.8588,62.73598861694336,machine,N,1.0
2023-07-25T09:11:05,codecarbon,41e760b9-f3a1-4089-8789-85ae184b537a,0.4713218212127685,2.4190290775905963e-08,5.13243598899397e-08,34.90368825052944,19.786,23.52599573135376,4.566066152848075e-06,2.5637696568171187e-06,3.0460438196343866e-06,1.017587962929958e-05,Canada,CAN,quebec,,,Linux-5.19.0-50-generic-x86_64-with-glibc2.35,3.10.6,2.2.5,12,AMD Ryzen 5 2600 Six-Core Processor,1.0,1 x NVIDIA GeForce GTX 1660,-71.192,46.8588,62.73598861694336,machine,N,1.0
2023-07-25T09:12:14,codecarbon,3d92622a-d490-43db-81c2-8d6fd49ed10e,0.5243611335754395,2.5952279011665814e-08,4.94931400325308e-08,32.07987151372441,19.701,23.52599573135376,4.669553735641221e-06,2.8483237391710284e-06,3.399199536587124e-06,1.0917077011399374e-05,Canada,CAN,quebec,,,Linux-5.19.0-50-generic-x86_64-with-glibc2.35,3.10.6,2.2.5,12,AMD Ryzen 5 2600 Six-Core Processor,1.0,1 x NVIDIA GeForce GTX 1660,-71.192,46.8588,62.73598861694336,machine,N,1.0
2023-07-25T09:12:40,codecarbon,8b20c304-2a3b-4603-b430-36dc189c685f,0.475083589553833,2.4748964633039315e-08,5.209391605439772e-08,35.96780686361976,19.848000000000003,23.52599573135376,4.742902405430183e-06,2.59473179658254e-06,3.0732569852251384e-06,1.041089118723786e-05,Canada,CAN,quebec,,,Linux-5.19.0-50-generic-x86_64-with-glibc2.35,3.10.6,2.2.5,12,AMD Ryzen 5 2600 Six-Core Processor,1.0,1 x NVIDIA GeForce GTX 1660,-71.192,46.8588,62.73598861694336,machine,N,1.0
2023-07-25T09:20:33,codecarbon,a6fed927-da01-448d-bbe5-533f3b7b1b3b,0.4652891159057617,2.36966012553411e-08,5.0928767609815614e-08,34.31730813019325,19.706000000000003,23.52599573135376,4.431744656502312e-06,2.524701107740402e-06,3.0117585964107244e-06,9.96820436065344e-06,Canada,CAN,quebec,,,Linux-5.19.0-50-generic-x86_64-with-glibc2.35,3.10.6,2.2.5,12,AMD Ryzen 5 2600 Six-Core Processor,1.0,1 x NVIDIA GeForce GTX 1660,-71.192,46.8588,62.73598861694336,machine,N,1.0
2023-07-25T09:23:00,codecarbon,5eae324a-2961-4e95-baac-4164a8fa5d82,0.3044183254241943,1.6737388305891176e-08,5.4981539900951495e-08,40.759315034648246,19.6,23.52599573135376,3.4425930318486564e-06,1.6362588935428198e-06,1.961892242894218e-06,7.040744168285694e-06,Canada,CAN,quebec,,,Linux-5.19.0-50-generic-x86_64-with-glibc2.35,3.10.6,2.2.5,12,AMD Ryzen 5 2600 Six-Core Processor,1.0,1 x NVIDIA GeForce GTX 1660,-71.192,46.8588,62.73598861694336,machine,N,1.0
2023-07-25T09:23:11,codecarbon,488d5e3b-1449-42d1-a59e-9ed9ed920a0e,0.4952676296234131,2.6273748114968265e-08,5.3049596911766784e-08,36.83882587570385,20.385,23.52599573135376,5.064359051482059e-06,2.7809878170490266e-06,3.2069592283740653e-06,1.105230609690515e-05,Canada,CAN,quebec,,,Linux-5.19.0-50-generic-x86_64-with-glibc2.35,3.10.6,2.2.5,12,AMD Ryzen 5 2600 Six-Core Processor,1.0,1 x NVIDIA GeForce GTX 1660,-71.192,46.8588,62.73598861694336,machine,N,1.0
2023-07-25T09:27:12,codecarbon,cad35910-233c-4d24-938c-1d54a4237fb4,0.2831361293792724,1.3997527272526341e-08,4.943744658519393e-08,32.70634245473049,19.503,23.52599573135376,2.569177888674069e-06,1.5052674013376235e-06,1.8137498521044407e-06,5.8881951421161335e-06,Canada,CAN,quebec,,,Linux-5.19.0-50-generic-x86_64-with-glibc2.35,3.10.6,2.2.5,12,AMD Ryzen 5 2600 Six-Core Processor,1.0,1 x NVIDIA GeForce GTX 1660,-71.192,46.8588,62.73598861694336,machine,N,1.0
2023-07-25T09:28:50,codecarbon,639234d8-d73e-4467-af65-11be21755663,0.3280606269836426,1.9122988156633112e-08,5.829101874388175e-08,45.50243023381882,20.251,23.52599573135376,4.14164331331195e-06,1.8063558042049408e-06,2.0962706863103147e-06,8.044269803827205e-06,Canada,CAN,quebec,,,Linux-5.19.0-50-generic-x86_64-with-glibc2.35,3.10.6,2.2.5,12,AMD Ryzen 5 2600 Six-Core Processor,1.0,1 x NVIDIA GeForce GTX 1660,-71.192,46.8588,62.73598861694336,machine,N,1.0
2023-07-25T09:31:37,codecarbon,6c8f98fe-37d9-4ee9-be88-049e98023b72,0.4705367088317871,2.4261295140513213e-08,5.1560897768735866e-08,35.3356737150777,19.64,23.52599573135376,4.615035636470252e-06,2.5446735196643404e-06,3.046039145438992e-06,1.0205748301573585e-05,Canada,CAN,quebec,,,Linux-5.19.0-50-generic-x86_64-with-glibc2.35,3.10.6,2.2.5,12,AMD Ryzen 5 2600 Six-Core Processor,1.0,1 x NVIDIA GeForce GTX 1660,-71.192,46.8588,62.73598861694336,machine,N,1.0
2023-07-25T09:51:25,codecarbon,5a7d390b-4aef-4d8a-a54e-25d15f2752e9,0.4751086235046386,2.487353415860601e-08,5.235336284811333e-08,36.55973553413149,19.61500000000001,23.52599573135376,4.821213856968931e-06,2.5662618190050127e-06,3.0758168862365665e-06,1.046329256221051e-05,Canada,CAN,quebec,,,Linux-5.19.0-50-generic-x86_64-with-glibc2.35,3.10.6,2.2.5,12,AMD Ryzen 5 2600 Six-Core Processor,1.0,1 x NVIDIA GeForce GTX 1660,-71.192,46.8588,62.73598861694336,machine,N,1.0
2023-07-25T09:51:47,codecarbon,f1346e3d-60b7-41d3-8f62-5f51d07f403a,2.544424057006836,1.325763687421288e-07,5.210466721419332e-08,35.37590031432427,20.099000000000004,23.52599573135376,2.4998638332227388e-05,1.4178027144538032e-05,1.6592865468817594e-05,5.576953094558302e-05,Canada,CAN,quebec,,,Linux-5.19.0-50-generic-x86_64-with-glibc2.35,3.10.6,2.2.5,12,AMD Ryzen 5 2600 Six-Core Processor,1.0,1 x NVIDIA GeForce GTX 1660,-71.192,46.8588,62.73598861694336,machine,N,1.0
2023-07-25T09:53:15,codecarbon,0ee9689b-b7c5-474a-84fd-48c33ca6d3ab,2.7697594165802,1.556001204999119e-07,5.617820795859235e-08,36.2366978199542,25.385,23.52599573135376,2.7876087578629707e-05,1.950469164186054e-05,1.8073915441083745e-05,6.545469466157399e-05,Canada,CAN,quebec,,,Linux-5.19.0-50-generic-x86_64-with-glibc2.35,3.10.6,2.2.5,12,AMD Ryzen 5 2600 Six-Core Processor,1.0,1 x NVIDIA GeForce GTX 1660,-71.192,46.8588,62.73598861694336,machine,N,1.0
2023-07-25T10:04:24,codecarbon,6059cfd0-0159-431f-8a1b-dd10b9f27839,0.3544120788574219,1.7944210446433393e-08,5.0630922355364335e-08,34.28516600624104,19.626,23.52599573135376,3.3718682530478605e-06,1.9005220011870064e-06,2.276015312166919e-06,7.548405566401786e-06,Canada,CAN,quebec,,,Linux-5.19.0-50-generic-x86_64-with-glibc2.35,3.10.6,2.2.5,12,AMD Ryzen 5 2600 Six-Core Processor,1.0,1 x NVIDIA GeForce GTX 1660,-71.192,46.8588,62.73598861694336,machine,N,1.0
2023-07-25T10:05:38,codecarbon,42d94ffd-9601-42c3-a187-18487a9c6272,0.3215358257293701,1.653579004754544e-08,5.142751981069527e-08,35.38838221546475,19.6,23.52599573135376,3.157056414532927e-06,1.727629105250041e-06,2.071254392555299e-06,6.9559399123382665e-06,Canada,CAN,quebec,,,Linux-5.19.0-50-generic-x86_64-with-glibc2.35,3.10.6,2.2.5,12,AMD Ryzen 5 2600 Six-Core Processor,1.0,1 x NVIDIA GeForce GTX 1660,-71.192,46.8588,62.73598861694336,machine,N,1.0
2023-07-25T10:05:50,codecarbon,8d5c52b2-9870-41ec-b9bd-03781b54f88f,0.3066327571868896,1.5517471138720022e-08,5.060604509798761e-08,34.231657491245755,19.593,23.52599573135376,2.912279829819786e-06,1.6437857699394226e-06,1.9715086208872395e-06,6.527574220646448e-06,Canada,CAN,quebec,,,Linux-5.19.0-50-generic-x86_64-with-glibc2.35,3.10.6,2.2.5,12,AMD Ryzen 5 2600 Six-Core Processor,1.0,1 x NVIDIA GeForce GTX 1660,-71.192,46.8588,62.73598861694336,machine,N,1.0
2023-07-25T10:07:24,codecarbon,3ab9198d-ae6e-4fdb-988f-a239dc103ffb,0.3664383888244629,2.395504400918798e-08,6.537263763776482e-08,46.06133820931587,30.473,23.52599573135376,4.67977207714923e-06,3.0472748942507635e-06,2.3498738316713267e-06,1.007692080307132e-05,Canada,CAN,quebec,,,Linux-5.19.0-50-generic-x86_64-with-glibc2.35,3.10.6,2.2.5,12,AMD Ryzen 5 2600 Six-Core Processor,1.0,1 x NVIDIA GeForce GTX 1660,-71.192,46.8588,62.73598861694336,machine,N,1.0
2023-07-25T10:07:44,codecarbon,51ccf226-c111-4989-8bcb-1f002c96f007,0.3400263786315918,1.79005274075725e-08,5.26445256383099e-08,36.72969163790838,20.435,23.52599573135376,3.464759716253346e-06,1.8908001823557744e-06,2.1744699752717148e-06,7.530029873880836e-06,Canada,CAN,quebec,,,Linux-5.19.0-50-generic-x86_64-with-glibc2.35,3.10.6,2.2.5,12,AMD Ryzen 5 2600 Six-Core Processor,1.0,1 x NVIDIA GeForce GTX 1660,-71.192,46.8588,62.73598861694336,machine,N,1.0
2023-07-25T10:09:49,codecarbon,a923a94f-090c-4c61-8622-cb373d115143,20.73679804801941,1.0228513214584414e-06,4.9325422328455146e-08,42.15848911781165,20.052,23.52599573135376,0.0002329438138549,8.978289507627487e-05,0.0001075455859433,0.0004302722948745,Canada,CAN,quebec,,,Linux-5.19.0-50-generic-x86_64-with-glibc2.35,3.10.6,2.2.5,12,AMD Ryzen 5 2600 Six-Core Processor,1.0,1 x NVIDIA GeForce GTX 1660,-71.192,46.8588,62.73598861694336,machine,N,1.0
2023-07-25T10:11:02,codecarbon,a86541f2-f617-4460-9c71-846e77dcb914,20.260945558547974,8.98376180142481e-07,4.434028893402072e-08,34.41702272411157,19.884000000000004,23.52599573135376,0.0001868660114371,8.686963209403887e-05,0.000104174980018,0.0003779106235492,Canada,CAN,quebec,,,Linux-5.19.0-50-generic-x86_64-with-glibc2.35,3.10.6,2.2.5,12,AMD Ryzen 5 2600 Six-Core Processor,1.0,1 x NVIDIA GeForce GTX 1660,-71.192,46.8588,62.73598861694336,machine,N,1.0
2023-07-25T10:13:31,codecarbon,619a56de-b79e-446a-b7aa-1aaed29afa34,20.73386788368225,9.475335892386728e-07,4.5699798732893e-08,41.166081913938086,19.891,23.52599573135376,0.0002044244443727,8.873403765208193e-05,0.000105430680798,0.0003985891628229,Canada,CAN,quebec,,,Linux-5.19.0-50-generic-x86_64-with-glibc2.35,3.10.6,2.2.5,12,AMD Ryzen 5 2600 Six-Core Processor,1.0,1 x NVIDIA GeForce GTX 1660,-71.192,46.8588,62.73598861694336,machine,N,1.0
2023-07-25T10:14:02,codecarbon,dcd20978-1fd4-4a45-a7e2-75f2dc8e1583,20.332271099090576,1.0925193161500372e-06,5.3733265252345743e-08,34.79045296164729,19.622,23.52599573135376,0.0001929667538177,0.0001616381644719,0.0001049738919369,0.0004595788102266,Canada,CAN,quebec,,,Linux-5.19.0-50-generic-x86_64-with-glibc2.35,3.10.6,2.2.5,12,AMD Ryzen 5 2600 Six-Core Processor,1.0,1 x NVIDIA GeForce GTX 1660,-71.192,46.8588,62.73598861694336,machine,N,1.0
2023-07-25T10:15:05,codecarbon,529de17e-61cb-4cc2-8136-0290615b34ac,7.2540576457977295,3.669860254616096e-07,5.059044790941305e-08,33.46109070689484,19.654,23.52599573135376,6.742121865915439e-05,3.957977992640601e-05,4.737522017622306e-05,0.0001543762187617,Canada,CAN,quebec,,,Linux-5.19.0-50-generic-x86_64-with-glibc2.35,3.10.6,2.2.5,12,AMD Ryzen 5 2600 Six-Core Processor,1.0,1 x NVIDIA GeForce GTX 1660,-71.192,46.8588,62.73598861694336,machine,N,1.0
2023-07-25T10:17:05,codecarbon,8875142e-c166-4fe1-a56c-9ed40688589e,22.17401027679444,1.0399727872111633e-06,4.690052788058444e-08,37.772585640726,19.828,23.52599573135376,0.0002325475249267,9.363177193959554e-05,0.0001112953080668,0.0004374746049331,Canada,CAN,quebec,,,Linux-5.19.0-50-generic-x86_64-with-glibc2.35,3.10.6,2.2.5,12,AMD Ryzen 5 2600 Six-Core Processor,1.0,1 x NVIDIA GeForce GTX 1660,-71.192,46.8588,62.73598861694336,machine,N,1.0
2023-07-25T10:18:25,codecarbon,6088d6f6-8b2b-49e5-86eb-1a6a59e1ec38,20.11499238014221,1.0097532608252057e-06,5.019903769996192e-08,39.11794793258529,19.671,23.52599573135376,0.0001889172053003,0.0001322236508361,0.0001036216129316,0.0004247624690681,Canada,CAN,quebec,,,Linux-5.19.0-50-generic-x86_64-with-glibc2.35,3.10.6,2.2.5,12,AMD Ryzen 5 2600 Six-Core Processor,1.0,1 x NVIDIA GeForce GTX 1660,-71.192,46.8588,62.73598861694336,machine,N,1.0
2023-07-25T10:28:24,codecarbon,df27b2c4-4c75-4cf5-a26d-3caad099ffdd,580.7793734073639,3.63476828584345e-05,6.258432121166243e-08,34.54157913060402,19.515,23.52599573135376,0.0056190280732744,0.0044488250627003,0.0052221509817013,0.0152900041176761,Canada,CAN,quebec,,,Linux-5.19.0-50-generic-x86_64-with-glibc2.35,3.10.6,2.2.5,12,AMD Ryzen 5 2600 Six-Core Processor,1.0,1 x NVIDIA GeForce GTX 1660,-71.192,46.8588,62.73598861694336,machine,N,1.0
2023-07-25T10:47:40,codecarbon,9016b0e6-dbc7-44eb-80e8-782fcb5841ba,153.0505576133728,8.431140706579234e-06,5.5087291663957727e-08,41.89213984840956,20.538,23.52599573135376,0.0016602220023432,0.0008943217218277,0.0009920971063432,0.0035466408305141,Canada,CAN,quebec,,,Linux-5.19.0-50-generic-x86_64-with-glibc2.35,3.10.6,2.2.5,12,AMD Ryzen 5 2600 Six-Core Processor,1.0,1 x NVIDIA GeForce GTX 1660,-71.192,46.8588,62.73598861694336,machine,N,1.0
2023-07-25T10:59:36,codecarbon,88c8c7ad-4145-4e51-af93-1940c957dad7,584.0160763263702,3.784274464435279e-05,6.479743654043668e-08,34.080720128188226,19.561000000000003,23.52599573135376,0.006234729583613,0.0046273420756365,0.005056844649388,0.0159189163086376,Canada,CAN,quebec,,,Linux-5.19.0-50-generic-x86_64-with-glibc2.35,3.10.6,2.2.5,12,AMD Ryzen 5 2600 Six-Core Processor,1.0,1 x NVIDIA GeForce GTX 1660,-71.192,46.8588,62.73598861694336,machine,N,1.0
2023-07-25T11:04:04,codecarbon,1c5db728-9a9d-4d2b-b262-43dc4f420112,0.3172481060028076,1.5847819653838744e-08,4.9954024481074427e-08,33.328586160961635,19.69,23.52599573135376,2.9341284584136207e-06,1.7013381653361852e-06,2.031071892808048e-06,6.666538516557854e-06,Canada,CAN,quebec,,,Linux-5.19.0-50-generic-x86_64-with-glibc2.35,3.10.6,2.2.5,12,AMD Ryzen 5 2600 Six-Core Processor,1.0,1 x NVIDIA GeForce GTX 1660,-71.192,46.8588,62.73598861694336,machine,N,1.0
2023-07-25T11:17:25,codecarbon,0c39a828-a4af-4b9f-aa33-3abac0b369bd,2.218947410583496,1.144077195681872e-07,5.155945518244729e-08,34.91907729227583,19.762,23.52599573135376,2.1520078327161296e-05,1.2147421048084896e-05,1.4459213683866872e-05,4.812671305911306e-05,Canada,CAN,quebec,,,Linux-5.19.0-50-generic-x86_64-with-glibc2.35,3.10.6,2.2.5,12,AMD Ryzen 5 2600 Six-Core Processor,1.0,1 x NVIDIA GeForce GTX 1660,-71.192,46.8588,62.73598861694336,machine,N,1.0
2023-07-25T11:18:35,codecarbon,ff7b3428-9e98-4616-bfd9-9ebcc2b22929,49.56292605400085,2.6727777051278096e-06,5.3926955446813366e-08,37.56674431943502,19.705000000000005,23.52599573135376,0.0004919248702062,0.0003240936342193,0.0003083112713183,0.0011243297757439,Canada,CAN,quebec,,,Linux-5.19.0-50-generic-x86_64-with-glibc2.35,3.10.6,2.2.5,12,AMD Ryzen 5 2600 Six-Core Processor,1.0,1 x NVIDIA GeForce GTX 1660,-71.192,46.8588,62.73598861694336,machine,N,1.0
2023-07-25T11:20:42,codecarbon,82231ef6-dcd0-419a-8714-483f0647a1b7,49.13069558143616,2.609276580625405e-06,5.310888742253651e-08,36.415318295467294,19.603,23.52599573135376,0.0004832599763298,0.0002959434367134,0.0003184140009003,0.0010976174139436,Canada,CAN,quebec,,,Linux-5.19.0-50-generic-x86_64-with-glibc2.35,3.10.6,2.2.5,12,AMD Ryzen 5 2600 Six-Core Processor,1.0,1 x NVIDIA GeForce GTX 1660,-71.192,46.8588,62.73598861694336,machine,N,1.0
2023-07-25T11:22:12,codecarbon,7c78f320-c895-4662-aac1-18016e12acb2,14.510632276535034,9.10595597082225e-07,6.275368155767671e-08,34.72393656716965,36.811,23.52599573135376,0.0001399589147448,0.0001483096078415,9.478231680697616e-05,0.0003830508393933,Canada,CAN,quebec,,,Linux-5.19.0-50-generic-x86_64-with-glibc2.35,3.10.6,2.2.5,12,AMD Ryzen 5 2600 Six-Core Processor,1.0,1 x NVIDIA GeForce GTX 1660,-71.192,46.8588,62.73598861694336,machine,N,1.0
2023-07-25T11:23:33,codecarbon,e643f171-95b3-47b0-a214-d40da4cf02c7,58.18771505355835,3.1589393250046127e-06,5.428876734714528e-08,34.72690915032465,19.579000000000004,23.52599573135376,0.000559998665498574,0.0003934069214216868,0.0003754327732835325,0.0013288383602037932,Canada,CAN,quebec,,,Linux-5.19.0-50-generic-x86_64-with-glibc2.35,3.10.6,2.2.5,12,AMD Ryzen 5 2600 Six-Core Processor,1.0,1 x NVIDIA GeForce GTX 1660,-71.192,46.8588,62.73598861694336,machine,N,1.0
